id;title;content;date
1;Singapore Pernambuco;../fake-data/blob/hipster.txt;2021-04-29T08:52:26
2;Orchestrator;../fake-data/blob/hipster.txt;2021-04-29T14:01:02
3;world-class Chapéu;../fake-data/blob/hipster.txt;2021-04-29T02:57:52
4;solutions;../fake-data/blob/hipster.txt;2021-04-29T12:10:29
5;Loan;../fake-data/blob/hipster.txt;2021-04-29T01:23:51
6;Pataca;../fake-data/blob/hipster.txt;2021-04-29T16:46:04
7;Piauí Travessa;../fake-data/blob/hipster.txt;2021-04-29T02:09:20
8;repurpose Dinamarca blockchains;../fake-data/blob/hipster.txt;2021-04-29T01:04:34
9;system;../fake-data/blob/hipster.txt;2021-04-29T02:53:10
10;backing;../fake-data/blob/hipster.txt;2021-04-29T12:30:47
